"filename", "language", "TypeScript", "TypeScript JSX", "XML", "JSON", "CSS", "JavaScript", "JSON with Comments", "Markdown", "HTML", "comment", "blank", "total"
"/Users/prafullprince/Desktop/StudyForge/IdeaForge/README.md", "Markdown", 0, 0, 0, 0, 0, 0, 0, 40, 0, 0, 11, 51
"/Users/prafullprince/Desktop/StudyForge/IdeaForge/eslint.config.js", "JavaScript", 0, 0, 0, 0, 0, 27, 0, 0, 0, 0, 2, 29
"/Users/prafullprince/Desktop/StudyForge/IdeaForge/index.html", "HTML", 0, 0, 0, 0, 0, 0, 0, 0, 13, 0, 1, 14
"/Users/prafullprince/Desktop/StudyForge/IdeaForge/package-lock.json", "JSON", 0, 0, 0, 4829, 0, 0, 0, 0, 0, 0, 1, 4830
"/Users/prafullprince/Desktop/StudyForge/IdeaForge/package.json", "JSON", 0, 0, 0, 48, 0, 0, 0, 0, 0, 0, 1, 49
"/Users/prafullprince/Desktop/StudyForge/IdeaForge/postcss.config.js", "JavaScript", 0, 0, 0, 0, 0, 6, 0, 0, 0, 0, 1, 7
"/Users/prafullprince/Desktop/StudyForge/IdeaForge/public/vite.svg", "XML", 0, 0, 1, 0, 0, 0, 0, 0, 0, 0, 0, 1
"/Users/prafullprince/Desktop/StudyForge/IdeaForge/server/.eslintrc.json", "JSON", 0, 0, 0, 14, 0, 0, 0, 0, 0, 0, 1, 15
"/Users/prafullprince/Desktop/StudyForge/IdeaForge/server/.prettierrc", "JSON", 0, 0, 0, 5, 0, 0, 0, 0, 0, 0, 1, 6
"/Users/prafullprince/Desktop/StudyForge/IdeaForge/server/nodemon.json", "JSON", 0, 0, 0, 6, 0, 0, 0, 0, 0, 0, 1, 7
"/Users/prafullprince/Desktop/StudyForge/IdeaForge/server/package-lock.json", "JSON", 0, 0, 0, 4528, 0, 0, 0, 0, 0, 0, 1, 4529
"/Users/prafullprince/Desktop/StudyForge/IdeaForge/server/package.json", "JSON", 0, 0, 0, 57, 0, 0, 0, 0, 0, 0, 1, 58
"/Users/prafullprince/Desktop/StudyForge/IdeaForge/server/src/config/cloudinary.ts", "TypeScript", 14, 0, 0, 0, 0, 0, 0, 0, 0, 1, 3, 18
"/Users/prafullprince/Desktop/StudyForge/IdeaForge/server/src/config/database.ts", "TypeScript", 13, 0, 0, 0, 0, 0, 0, 0, 0, 0, 3, 16
"/Users/prafullprince/Desktop/StudyForge/IdeaForge/server/src/config/instances.ts", "TypeScript", 7, 0, 0, 0, 0, 0, 0, 0, 0, 0, 2, 9
"/Users/prafullprince/Desktop/StudyForge/IdeaForge/server/src/config/redis.ts", "TypeScript", 12, 0, 0, 0, 0, 0, 0, 0, 0, 1, 6, 19
"/Users/prafullprince/Desktop/StudyForge/IdeaForge/server/src/controllers/Rating.ts", "TypeScript", 93, 0, 0, 0, 0, 0, 0, 0, 0, 10, 12, 115
"/Users/prafullprince/Desktop/StudyForge/IdeaForge/server/src/controllers/auth.ts", "TypeScript", 287, 0, 0, 0, 0, 0, 0, 0, 0, 52, 58, 397
"/Users/prafullprince/Desktop/StudyForge/IdeaForge/server/src/controllers/category.ts", "TypeScript", 116, 0, 0, 0, 0, 0, 0, 0, 0, 41, 35, 192
"/Users/prafullprince/Desktop/StudyForge/IdeaForge/server/src/controllers/chat.ts", "TypeScript", 167, 0, 0, 0, 0, 0, 0, 0, 0, 43, 32, 242
"/Users/prafullprince/Desktop/StudyForge/IdeaForge/server/src/controllers/connection.ts", "TypeScript", 66, 0, 0, 0, 0, 0, 0, 0, 0, 11, 13, 90
"/Users/prafullprince/Desktop/StudyForge/IdeaForge/server/src/controllers/course.ts", "TypeScript", 676, 0, 0, 0, 0, 0, 0, 0, 0, 158, 111, 945
"/Users/prafullprince/Desktop/StudyForge/IdeaForge/server/src/controllers/extra.ts", "TypeScript", 127, 0, 0, 0, 0, 0, 0, 0, 0, 24, 28, 179
"/Users/prafullprince/Desktop/StudyForge/IdeaForge/server/src/controllers/middlewares.ts", "TypeScript", 85, 0, 0, 0, 0, 0, 0, 0, 0, 18, 30, 133
"/Users/prafullprince/Desktop/StudyForge/IdeaForge/server/src/controllers/notifications.ts", "TypeScript", 66, 0, 0, 0, 0, 0, 0, 0, 0, 21, 25, 112
"/Users/prafullprince/Desktop/StudyForge/IdeaForge/server/src/controllers/payments.ts", "TypeScript", 138, 0, 0, 0, 0, 0, 0, 0, 0, 16, 18, 172
"/Users/prafullprince/Desktop/StudyForge/IdeaForge/server/src/controllers/profile.ts", "TypeScript", 244, 0, 0, 0, 0, 0, 0, 0, 0, 54, 36, 334
"/Users/prafullprince/Desktop/StudyForge/IdeaForge/server/src/helper/EroorResponse.ts", "TypeScript", 6, 0, 0, 0, 0, 0, 0, 0, 0, 0, 2, 8
"/Users/prafullprince/Desktop/StudyForge/IdeaForge/server/src/helper/UploadMedia.ts", "TypeScript", 15, 0, 0, 0, 0, 0, 0, 0, 0, 0, 9, 24
"/Users/prafullprince/Desktop/StudyForge/IdeaForge/server/src/helper/constants.ts", "TypeScript", 10, 0, 0, 0, 0, 0, 0, 0, 0, 0, 3, 13
"/Users/prafullprince/Desktop/StudyForge/IdeaForge/server/src/helper/sendSMS.ts", "TypeScript", 39, 0, 0, 0, 0, 0, 0, 0, 0, 5, 6, 50
"/Users/prafullprince/Desktop/StudyForge/IdeaForge/server/src/index.ts", "TypeScript", 54, 0, 0, 0, 0, 0, 0, 0, 0, 35, 22, 111
"/Users/prafullprince/Desktop/StudyForge/IdeaForge/server/src/models/Category.ts", "TypeScript", 23, 0, 0, 0, 0, 0, 0, 0, 0, 2, 4, 29
"/Users/prafullprince/Desktop/StudyForge/IdeaForge/server/src/models/Chat.ts", "TypeScript", 17, 0, 0, 0, 0, 0, 0, 0, 0, 2, 3, 22
"/Users/prafullprince/Desktop/StudyForge/IdeaForge/server/src/models/Connection.ts", "TypeScript", 17, 0, 0, 0, 0, 0, 0, 0, 0, 3, 4, 24
"/Users/prafullprince/Desktop/StudyForge/IdeaForge/server/src/models/Course.ts", "TypeScript", 80, 0, 0, 0, 0, 0, 0, 0, 0, 2, 4, 86
"/Users/prafullprince/Desktop/StudyForge/IdeaForge/server/src/models/CourseProgress.ts", "TypeScript", 22, 0, 0, 0, 0, 0, 0, 0, 0, 3, 4, 29
"/Users/prafullprince/Desktop/StudyForge/IdeaForge/server/src/models/Message.ts", "TypeScript", 31, 0, 0, 0, 0, 0, 0, 0, 0, 2, 3, 36
"/Users/prafullprince/Desktop/StudyForge/IdeaForge/server/src/models/Notification.ts", "TypeScript", 25, 0, 0, 0, 0, 0, 0, 0, 0, 0, 4, 29
"/Users/prafullprince/Desktop/StudyForge/IdeaForge/server/src/models/OTP.ts", "TypeScript", 31, 0, 0, 0, 0, 0, 0, 0, 0, 4, 5, 40
"/Users/prafullprince/Desktop/StudyForge/IdeaForge/server/src/models/Profile.ts", "TypeScript", 34, 0, 0, 0, 0, 0, 0, 0, 0, 3, 4, 41
"/Users/prafullprince/Desktop/StudyForge/IdeaForge/server/src/models/Rating.ts", "TypeScript", 24, 0, 0, 0, 0, 0, 0, 0, 0, 3, 4, 31
"/Users/prafullprince/Desktop/StudyForge/IdeaForge/server/src/models/Section.ts", "TypeScript", 18, 0, 0, 0, 0, 0, 0, 0, 0, 2, 4, 24
"/Users/prafullprince/Desktop/StudyForge/IdeaForge/server/src/models/SubSection.ts", "TypeScript", 26, 0, 0, 0, 0, 0, 0, 0, 0, 2, 4, 32
"/Users/prafullprince/Desktop/StudyForge/IdeaForge/server/src/models/User.ts", "TypeScript", 75, 0, 0, 0, 0, 0, 0, 0, 0, 3, 4, 82
"/Users/prafullprince/Desktop/StudyForge/IdeaForge/server/src/routes/authRoutes.ts", "TypeScript", 19, 0, 0, 0, 0, 0, 0, 0, 0, 7, 7, 33
"/Users/prafullprince/Desktop/StudyForge/IdeaForge/server/src/routes/courseRoutes.ts", "TypeScript", 42, 0, 0, 0, 0, 0, 0, 0, 0, 13, 13, 68
"/Users/prafullprince/Desktop/StudyForge/IdeaForge/server/src/types/env.d.ts", "TypeScript", 23, 0, 0, 0, 0, 0, 0, 0, 0, 1, 4, 28
"/Users/prafullprince/Desktop/StudyForge/IdeaForge/server/src/websocket/sendMessage.ts", "TypeScript", 17, 0, 0, 0, 0, 0, 0, 0, 0, 3, 9, 29
"/Users/prafullprince/Desktop/StudyForge/IdeaForge/server/tsconfig.json", "JSON with Comments", 0, 0, 0, 0, 0, 0, 15, 0, 0, 0, 1, 16
"/Users/prafullprince/Desktop/StudyForge/IdeaForge/src/App.css", "CSS", 0, 0, 0, 0, 353, 0, 0, 0, 0, 15, 32, 400
"/Users/prafullprince/Desktop/StudyForge/IdeaForge/src/App.tsx", "TypeScript JSX", 0, 111, 0, 0, 0, 0, 0, 0, 0, 41, 19, 171
"/Users/prafullprince/Desktop/StudyForge/IdeaForge/src/assets/Images/Compare_with_others.svg", "XML", 0, 0, 52, 0, 0, 0, 0, 0, 0, 0, 1, 53
"/Users/prafullprince/Desktop/StudyForge/IdeaForge/src/assets/Images/Know_your_progress.svg", "XML", 0, 0, 45, 0, 0, 0, 0, 0, 0, 0, 1, 46
"/Users/prafullprince/Desktop/StudyForge/IdeaForge/src/assets/Images/Plan_your_lessons.svg", "XML", 0, 0, 86, 0, 0, 0, 0, 0, 0, 0, 1, 87
"/Users/prafullprince/Desktop/StudyForge/IdeaForge/src/assets/Images/bghome.svg", "XML", 0, 0, 71, 0, 0, 0, 0, 0, 0, 0, 1, 72
"/Users/prafullprince/Desktop/StudyForge/IdeaForge/src/assets/TimeLineLogo/Logo1.svg", "XML", 0, 0, 3, 0, 0, 0, 0, 0, 0, 0, 1, 4
"/Users/prafullprince/Desktop/StudyForge/IdeaForge/src/assets/TimeLineLogo/Logo2.svg", "XML", 0, 0, 3, 0, 0, 0, 0, 0, 0, 0, 1, 4
"/Users/prafullprince/Desktop/StudyForge/IdeaForge/src/assets/TimeLineLogo/Logo3.svg", "XML", 0, 0, 3, 0, 0, 0, 0, 0, 0, 0, 1, 4
"/Users/prafullprince/Desktop/StudyForge/IdeaForge/src/assets/TimeLineLogo/Logo4.svg", "XML", 0, 0, 3, 0, 0, 0, 0, 0, 0, 0, 1, 4
"/Users/prafullprince/Desktop/StudyForge/IdeaForge/src/components/AddCourse/AddModal.tsx", "TypeScript JSX", 0, 258, 0, 0, 0, 0, 0, 0, 0, 18, 15, 291
"/Users/prafullprince/Desktop/StudyForge/IdeaForge/src/components/AddCourse/ViewModal.tsx", "TypeScript JSX", 0, 6, 0, 0, 0, 0, 0, 0, 0, 0, 3, 9
"/Users/prafullprince/Desktop/StudyForge/IdeaForge/src/components/AddCourse/builder/CourseBuilder.tsx", "TypeScript JSX", 0, 203, 0, 0, 0, 0, 0, 0, 0, 18, 12, 233
"/Users/prafullprince/Desktop/StudyForge/IdeaForge/src/components/AddCourse/builder/Section.tsx", "TypeScript JSX", 0, 160, 0, 0, 0, 0, 0, 0, 0, 12, 8, 180
"/Users/prafullprince/Desktop/StudyForge/IdeaForge/src/components/AddCourse/info/CourseInfo.tsx", "TypeScript JSX", 0, 415, 0, 0, 0, 0, 0, 0, 0, 28, 16, 459
"/Users/prafullprince/Desktop/StudyForge/IdeaForge/src/components/AddCourse/publish/CoursePublish.tsx", "TypeScript JSX", 0, 53, 0, 0, 0, 0, 0, 0, 0, 6, 10, 69
"/Users/prafullprince/Desktop/StudyForge/IdeaForge/src/components/Cart/CartItem.tsx", "TypeScript JSX", 0, 67, 0, 0, 0, 0, 0, 0, 0, 5, 6, 78
"/Users/prafullprince/Desktop/StudyForge/IdeaForge/src/components/Cart/CartPage.tsx", "TypeScript JSX", 0, 35, 0, 0, 0, 0, 0, 0, 0, 4, 4, 43
"/Users/prafullprince/Desktop/StudyForge/IdeaForge/src/components/CatalogPage/CategoryTab.tsx", "TypeScript JSX", 0, 6, 0, 0, 0, 0, 0, 0, 0, 0, 3, 9
"/Users/prafullprince/Desktop/StudyForge/IdeaForge/src/components/CatalogPage/Header.tsx", "TypeScript JSX", 0, 26, 0, 0, 0, 0, 0, 0, 0, 6, 3, 35
"/Users/prafullprince/Desktop/StudyForge/IdeaForge/src/components/Chat/ChatSidebar.tsx", "TypeScript JSX", 0, 144, 0, 0, 0, 0, 0, 0, 0, 10, 11, 165
"/Users/prafullprince/Desktop/StudyForge/IdeaForge/src/components/Chat/ChatUser.tsx", "TypeScript JSX", 0, 212, 0, 0, 0, 0, 0, 0, 0, 21, 23, 256
"/Users/prafullprince/Desktop/StudyForge/IdeaForge/src/components/CoursePageDetails/CourseContent.tsx", "TypeScript JSX", 0, 66, 0, 0, 0, 0, 0, 0, 0, 9, 5, 80
"/Users/prafullprince/Desktop/StudyForge/IdeaForge/src/components/CoursePageDetails/InstructorDetails.tsx", "TypeScript JSX", 0, 13, 0, 0, 0, 0, 0, 0, 0, 0, 4, 17
"/Users/prafullprince/Desktop/StudyForge/IdeaForge/src/components/CoursePageDetails/RatingAndReviews.tsx", "TypeScript JSX", 0, 24, 0, 0, 0, 0, 0, 0, 0, 0, 3, 27
"/Users/prafullprince/Desktop/StudyForge/IdeaForge/src/components/CoursePageDetails/SubSectionContent.tsx", "TypeScript JSX", 0, 25, 0, 0, 0, 0, 0, 0, 0, 0, 4, 29
"/Users/prafullprince/Desktop/StudyForge/IdeaForge/src/components/Dashboard/Sidebar.tsx", "TypeScript JSX", 0, 96, 0, 0, 0, 0, 0, 0, 0, 30, 10, 136
"/Users/prafullprince/Desktop/StudyForge/IdeaForge/src/components/Dashboard/SidebarLink.tsx", "TypeScript JSX", 0, 34, 0, 0, 0, 0, 0, 0, 0, 4, 8, 46
"/Users/prafullprince/Desktop/StudyForge/IdeaForge/src/components/HomePage/CodeBlocks.tsx", "TypeScript JSX", 0, 78, 0, 0, 0, 0, 0, 0, 0, 2, 5, 85
"/Users/prafullprince/Desktop/StudyForge/IdeaForge/src/components/HomePage/HighlightButton.tsx", "TypeScript JSX", 0, 18, 0, 0, 0, 0, 0, 0, 0, 0, 4, 22
"/Users/prafullprince/Desktop/StudyForge/IdeaForge/src/components/HomePage/HighlightText.tsx", "TypeScript JSX", 0, 8, 0, 0, 0, 0, 0, 0, 0, 0, 5, 13
"/Users/prafullprince/Desktop/StudyForge/IdeaForge/src/components/HomePage/LearningSection.tsx", "TypeScript JSX", 0, 21, 0, 0, 0, 0, 0, 0, 0, 18, 10, 49
"/Users/prafullprince/Desktop/StudyForge/IdeaForge/src/components/MyCourse/CourseTable.tsx", "TypeScript JSX", 0, 98, 0, 0, 0, 0, 0, 0, 0, 10, 9, 117
"/Users/prafullprince/Desktop/StudyForge/IdeaForge/src/components/Navbar/Catalog.tsx", "TypeScript JSX", 0, 0, 0, 0, 0, 0, 0, 0, 0, 0, 6, 6
"/Users/prafullprince/Desktop/StudyForge/IdeaForge/src/components/Navbar/LoggedUser.tsx", "TypeScript JSX", 0, 158, 0, 0, 0, 0, 0, 0, 0, 17, 12, 187
"/Users/prafullprince/Desktop/StudyForge/IdeaForge/src/components/Navbar/NavLink.tsx", "TypeScript JSX", 0, 29, 0, 0, 0, 0, 0, 0, 0, 32, 9, 70
"/Users/prafullprince/Desktop/StudyForge/IdeaForge/src/components/Navbar/NullUser.tsx", "TypeScript JSX", 0, 105, 0, 0, 0, 0, 0, 0, 0, 8, 8, 121
"/Users/prafullprince/Desktop/StudyForge/IdeaForge/src/components/Navbar/ProfileDropDown.tsx", "TypeScript JSX", 0, 72, 0, 0, 0, 0, 0, 0, 0, 4, 9, 85
"/Users/prafullprince/Desktop/StudyForge/IdeaForge/src/components/Watch/LectureContent.tsx", "TypeScript JSX", 0, 165, 0, 0, 0, 0, 0, 0, 0, 25, 17, 207
"/Users/prafullprince/Desktop/StudyForge/IdeaForge/src/components/Watch/SidebarContent.tsx", "TypeScript JSX", 0, 138, 0, 0, 0, 0, 0, 0, 0, 10, 11, 159
"/Users/prafullprince/Desktop/StudyForge/IdeaForge/src/components/auth/LoginForm.tsx", "TypeScript JSX", 0, 102, 0, 0, 0, 0, 0, 0, 0, 12, 13, 127
"/Users/prafullprince/Desktop/StudyForge/IdeaForge/src/components/auth/OpenRoute.tsx", "TypeScript JSX", 0, 12, 0, 0, 0, 0, 0, 0, 0, 0, 4, 16
"/Users/prafullprince/Desktop/StudyForge/IdeaForge/src/components/auth/PrivateRoute.tsx", "TypeScript JSX", 0, 12, 0, 0, 0, 0, 0, 0, 0, 0, 5, 17
"/Users/prafullprince/Desktop/StudyForge/IdeaForge/src/components/auth/ResetPasswordForm.tsx", "TypeScript JSX", 0, 114, 0, 0, 0, 0, 0, 0, 0, 11, 13, 138
"/Users/prafullprince/Desktop/StudyForge/IdeaForge/src/components/auth/ResetPwdTokenForm.tsx", "TypeScript JSX", 0, 81, 0, 0, 0, 0, 0, 0, 0, 9, 10, 100
"/Users/prafullprince/Desktop/StudyForge/IdeaForge/src/components/auth/SignupForm.tsx", "TypeScript JSX", 0, 212, 0, 0, 0, 0, 0, 0, 0, 19, 19, 250
"/Users/prafullprince/Desktop/StudyForge/IdeaForge/src/components/auth/Template.tsx", "TypeScript JSX", 0, 69, 0, 0, 0, 0, 0, 0, 0, 10, 4, 83
"/Users/prafullprince/Desktop/StudyForge/IdeaForge/src/components/auth/VerifyEmailForm.tsx", "TypeScript JSX", 0, 62, 0, 0, 0, 0, 0, 0, 0, 10, 15, 87
"/Users/prafullprince/Desktop/StudyForge/IdeaForge/src/components/common/ChatModal.tsx", "TypeScript JSX", 0, 60, 0, 0, 0, 0, 0, 0, 0, 6, 9, 75
"/Users/prafullprince/Desktop/StudyForge/IdeaForge/src/components/common/ConfirmationModal.tsx", "TypeScript JSX", 0, 49, 0, 0, 0, 0, 0, 0, 0, 5, 7, 61
"/Users/prafullprince/Desktop/StudyForge/IdeaForge/src/components/common/ConnectionModal.tsx", "TypeScript JSX", 0, 99, 0, 0, 0, 0, 0, 0, 0, 6, 8, 113
"/Users/prafullprince/Desktop/StudyForge/IdeaForge/src/components/common/Corousel.tsx", "TypeScript JSX", 0, 37, 0, 0, 0, 0, 0, 0, 0, 3, 7, 47
"/Users/prafullprince/Desktop/StudyForge/IdeaForge/src/components/common/CourseCard.tsx", "TypeScript JSX", 0, 29, 0, 0, 0, 0, 0, 0, 0, 6, 6, 41
"/Users/prafullprince/Desktop/StudyForge/IdeaForge/src/components/common/Footer.tsx", "TypeScript JSX", 0, 162, 0, 0, 0, 0, 0, 0, 0, 5, 15, 182
"/Users/prafullprince/Desktop/StudyForge/IdeaForge/src/components/common/Navbar.tsx", "TypeScript JSX", 0, 27, 0, 0, 0, 0, 0, 0, 0, 7, 11, 45
"/Users/prafullprince/Desktop/StudyForge/IdeaForge/src/components/common/NotModal.tsx", "TypeScript JSX", 0, 78, 0, 0, 0, 0, 0, 0, 0, 10, 12, 100
"/Users/prafullprince/Desktop/StudyForge/IdeaForge/src/components/common/ProfileView.tsx", "TypeScript JSX", 0, 52, 0, 0, 0, 0, 0, 0, 0, 5, 6, 63
"/Users/prafullprince/Desktop/StudyForge/IdeaForge/src/components/common/SearchModal.tsx", "TypeScript JSX", 0, 81, 0, 0, 0, 0, 0, 0, 0, 7, 7, 95
"/Users/prafullprince/Desktop/StudyForge/IdeaForge/src/components/common/Tab.tsx", "TypeScript JSX", 0, 21, 0, 0, 0, 0, 0, 0, 0, 1, 5, 27
"/Users/prafullprince/Desktop/StudyForge/IdeaForge/src/components/common/UserCourses.tsx", "TypeScript JSX", 0, 60, 0, 0, 0, 0, 0, 0, 0, 3, 3, 66
"/Users/prafullprince/Desktop/StudyForge/IdeaForge/src/components/spinners/Spinner1.tsx", "TypeScript JSX", 0, 8, 0, 0, 0, 0, 0, 0, 0, 0, 3, 11
"/Users/prafullprince/Desktop/StudyForge/IdeaForge/src/components/spinners/Spinner2.tsx", "TypeScript JSX", 0, 9, 0, 0, 0, 0, 0, 0, 0, 0, 4, 13
"/Users/prafullprince/Desktop/StudyForge/IdeaForge/src/components/ui/input.tsx", "TypeScript JSX", 0, 54, 0, 0, 0, 0, 0, 0, 0, 1, 7, 62
"/Users/prafullprince/Desktop/StudyForge/IdeaForge/src/data/countrycode.json", "JSON", 0, 0, 0, 782, 0, 0, 0, 0, 0, 0, 0, 782
"/Users/prafullprince/Desktop/StudyForge/IdeaForge/src/data/dashboard-links.ts", "TypeScript", 54, 0, 0, 0, 0, 0, 0, 0, 0, 0, 4, 58
"/Users/prafullprince/Desktop/StudyForge/IdeaForge/src/data/footer-links.ts", "TypeScript", 55, 0, 0, 0, 0, 0, 0, 0, 0, 0, 1, 56
"/Users/prafullprince/Desktop/StudyForge/IdeaForge/src/data/homepage-explore.ts", "TypeScript", 142, 0, 0, 0, 0, 0, 0, 0, 0, 0, 4, 146
"/Users/prafullprince/Desktop/StudyForge/IdeaForge/src/data/navbar-links.ts", "TypeScript", 22, 0, 0, 0, 0, 0, 0, 0, 0, 0, 3, 25
"/Users/prafullprince/Desktop/StudyForge/IdeaForge/src/global/global.d.ts", "TypeScript", 6, 0, 0, 0, 0, 0, 0, 0, 0, 0, 2, 8
"/Users/prafullprince/Desktop/StudyForge/IdeaForge/src/hooks/useSocket.ts", "TypeScript", 2, 0, 0, 0, 0, 0, 0, 0, 0, 9, 2, 13
"/Users/prafullprince/Desktop/StudyForge/IdeaForge/src/index.css", "CSS", 0, 0, 0, 0, 3, 0, 0, 0, 0, 0, 0, 3
"/Users/prafullprince/Desktop/StudyForge/IdeaForge/src/lib/constants.ts", "TypeScript", 14, 0, 0, 0, 0, 0, 0, 0, 0, 0, 4, 18
"/Users/prafullprince/Desktop/StudyForge/IdeaForge/src/lib/utils.ts", "TypeScript", 5, 0, 0, 0, 0, 0, 0, 0, 0, 0, 2, 7
"/Users/prafullprince/Desktop/StudyForge/IdeaForge/src/main.tsx", "TypeScript JSX", 0, 15, 0, 0, 0, 0, 0, 0, 0, 0, 4, 19
"/Users/prafullprince/Desktop/StudyForge/IdeaForge/src/pages/AboutPage.tsx", "TypeScript JSX", 0, 6, 0, 0, 0, 0, 0, 0, 0, 0, 3, 9
"/Users/prafullprince/Desktop/StudyForge/IdeaForge/src/pages/CatalogPage.tsx", "TypeScript JSX", 0, 90, 0, 0, 0, 0, 0, 0, 0, 12, 8, 110
"/Users/prafullprince/Desktop/StudyForge/IdeaForge/src/pages/ChatPage.tsx", "TypeScript JSX", 0, 57, 0, 0, 0, 0, 0, 0, 0, 6, 7, 70
"/Users/prafullprince/Desktop/StudyForge/IdeaForge/src/pages/ContactPage.tsx", "TypeScript JSX", 0, 6, 0, 0, 0, 0, 0, 0, 0, 0, 3, 9
"/Users/prafullprince/Desktop/StudyForge/IdeaForge/src/pages/CoursePageDetails.tsx", "TypeScript JSX", 0, 174, 0, 0, 0, 0, 0, 0, 0, 39, 18, 231
"/Users/prafullprince/Desktop/StudyForge/IdeaForge/src/pages/Dashboard/AddCourse.tsx", "TypeScript JSX", 0, 61, 0, 0, 0, 0, 0, 0, 0, 8, 7, 76
"/Users/prafullprince/Desktop/StudyForge/IdeaForge/src/pages/Dashboard/Dashboard.tsx", "TypeScript JSX", 0, 6, 0, 0, 0, 0, 0, 0, 0, 0, 3, 9
"/Users/prafullprince/Desktop/StudyForge/IdeaForge/src/pages/Dashboard/MyCourses.tsx", "TypeScript JSX", 0, 125, 0, 0, 0, 0, 0, 0, 0, 16, 15, 156
"/Users/prafullprince/Desktop/StudyForge/IdeaForge/src/pages/Dashboard/Profile.tsx", "TypeScript JSX", 0, 162, 0, 0, 0, 0, 0, 0, 0, 18, 13, 193
"/Users/prafullprince/Desktop/StudyForge/IdeaForge/src/pages/Dashboard/PurchasedHistory.tsx", "TypeScript JSX", 0, 6, 0, 0, 0, 0, 0, 0, 0, 0, 3, 9
"/Users/prafullprince/Desktop/StudyForge/IdeaForge/src/pages/Dashboard/Setting.tsx", "TypeScript JSX", 0, 6, 0, 0, 0, 0, 0, 0, 0, 0, 3, 9
"/Users/prafullprince/Desktop/StudyForge/IdeaForge/src/pages/DashboardLayoutPage.tsx", "TypeScript JSX", 0, 33, 0, 0, 0, 0, 0, 0, 0, 5, 7, 45
"/Users/prafullprince/Desktop/StudyForge/IdeaForge/src/pages/EnrolledCourse.tsx", "TypeScript JSX", 0, 40, 0, 0, 0, 0, 0, 0, 0, 22, 9, 71
"/Users/prafullprince/Desktop/StudyForge/IdeaForge/src/pages/HomePage.tsx", "TypeScript JSX", 0, 82, 0, 0, 0, 0, 0, 0, 0, 12, 5, 99
"/Users/prafullprince/Desktop/StudyForge/IdeaForge/src/pages/LoginPage.tsx", "TypeScript JSX", 0, 14, 0, 0, 0, 0, 0, 0, 0, 0, 4, 18
"/Users/prafullprince/Desktop/StudyForge/IdeaForge/src/pages/ResetPassword.tsx", "TypeScript JSX", 0, 13, 0, 0, 0, 0, 0, 0, 0, 0, 4, 17
"/Users/prafullprince/Desktop/StudyForge/IdeaForge/src/pages/ResetPasswordToken.tsx", "TypeScript JSX", 0, 13, 0, 0, 0, 0, 0, 0, 0, 0, 4, 17
"/Users/prafullprince/Desktop/StudyForge/IdeaForge/src/pages/SearchResult.tsx", "TypeScript JSX", 0, 81, 0, 0, 0, 0, 0, 0, 0, 10, 15, 106
"/Users/prafullprince/Desktop/StudyForge/IdeaForge/src/pages/SignupPage.tsx", "TypeScript JSX", 0, 15, 0, 0, 0, 0, 0, 0, 0, 0, 4, 19
"/Users/prafullprince/Desktop/StudyForge/IdeaForge/src/pages/UserProfile.tsx", "TypeScript JSX", 0, 159, 0, 0, 0, 0, 0, 0, 0, 18, 17, 194
"/Users/prafullprince/Desktop/StudyForge/IdeaForge/src/pages/VerifyEmail.tsx", "TypeScript JSX", 0, 13, 0, 0, 0, 0, 0, 0, 0, 0, 4, 17
"/Users/prafullprince/Desktop/StudyForge/IdeaForge/src/pages/WatchCourse.tsx", "TypeScript JSX", 0, 37, 0, 0, 0, 0, 0, 0, 0, 3, 6, 46
"/Users/prafullprince/Desktop/StudyForge/IdeaForge/src/services/api.ts", "TypeScript", 60, 0, 0, 0, 0, 0, 0, 0, 0, 12, 12, 84
"/Users/prafullprince/Desktop/StudyForge/IdeaForge/src/services/apiCall/auth.ts", "TypeScript", 109, 0, 0, 0, 0, 0, 0, 0, 0, 33, 22, 164
"/Users/prafullprince/Desktop/StudyForge/IdeaForge/src/services/apiCall/category.ts", "TypeScript", 25, 0, 0, 0, 0, 0, 0, 0, 0, 6, 6, 37
"/Users/prafullprince/Desktop/StudyForge/IdeaForge/src/services/apiCall/chat.ts", "TypeScript", 31, 0, 0, 0, 0, 0, 0, 0, 0, 6, 8, 45
"/Users/prafullprince/Desktop/StudyForge/IdeaForge/src/services/apiCall/course.ts", "TypeScript", 204, 0, 0, 0, 0, 0, 0, 0, 0, 48, 37, 289
"/Users/prafullprince/Desktop/StudyForge/IdeaForge/src/services/apiCall/extra.ts", "TypeScript", 60, 0, 0, 0, 0, 0, 0, 0, 0, 6, 13, 79
"/Users/prafullprince/Desktop/StudyForge/IdeaForge/src/services/apiCall/payment.ts", "TypeScript", 109, 0, 0, 0, 0, 0, 0, 0, 0, 11, 13, 133
"/Users/prafullprince/Desktop/StudyForge/IdeaForge/src/services/apiCall/profile.ts", "TypeScript", 72, 0, 0, 0, 0, 0, 0, 0, 0, 14, 17, 103
"/Users/prafullprince/Desktop/StudyForge/IdeaForge/src/services/apiCall/rating.ts", "TypeScript", 24, 0, 0, 0, 0, 0, 0, 0, 0, 6, 6, 36
"/Users/prafullprince/Desktop/StudyForge/IdeaForge/src/services/apiConnector.ts", "TypeScript", 12, 0, 0, 0, 0, 0, 0, 0, 0, 10, 4, 26
"/Users/prafullprince/Desktop/StudyForge/IdeaForge/src/slices/authSlice.ts", "TypeScript", 33, 0, 0, 0, 0, 0, 0, 0, 0, 11, 8, 52
"/Users/prafullprince/Desktop/StudyForge/IdeaForge/src/slices/cartSlice.ts", "TypeScript", 28, 0, 0, 0, 0, 0, 0, 0, 0, 4, 6, 38
"/Users/prafullprince/Desktop/StudyForge/IdeaForge/src/slices/courseSlice.ts", "TypeScript", 35, 0, 0, 0, 0, 0, 0, 0, 0, 4, 6, 45
"/Users/prafullprince/Desktop/StudyForge/IdeaForge/src/slices/globalSlice.ts", "TypeScript", 36, 0, 0, 0, 0, 0, 0, 0, 0, 4, 5, 45
"/Users/prafullprince/Desktop/StudyForge/IdeaForge/src/slices/profileSlice.ts", "TypeScript", 15, 0, 0, 0, 0, 0, 0, 0, 0, 4, 6, 25
"/Users/prafullprince/Desktop/StudyForge/IdeaForge/src/slices/store.ts", "TypeScript", 19, 0, 0, 0, 0, 0, 0, 0, 0, 1, 3, 23
"/Users/prafullprince/Desktop/StudyForge/IdeaForge/src/slices/viewCourseSlice.ts", "TypeScript", 27, 0, 0, 0, 0, 0, 0, 0, 0, 4, 6, 37
"/Users/prafullprince/Desktop/StudyForge/IdeaForge/src/spinner/ButtonLoading.tsx", "TypeScript JSX", 0, 6, 0, 0, 0, 0, 0, 0, 0, 0, 3, 9
"/Users/prafullprince/Desktop/StudyForge/IdeaForge/src/spinner/DivLoading.tsx", "TypeScript JSX", 0, 10, 0, 0, 0, 0, 0, 0, 0, 0, 2, 12
"/Users/prafullprince/Desktop/StudyForge/IdeaForge/src/spinner/FullPage.tsx", "TypeScript JSX", 0, 10, 0, 0, 0, 0, 0, 0, 0, 0, 3, 13
"/Users/prafullprince/Desktop/StudyForge/IdeaForge/src/spinner/MyCourseLoading.tsx", "TypeScript JSX", 0, 8, 0, 0, 0, 0, 0, 0, 0, 0, 3, 11
"/Users/prafullprince/Desktop/StudyForge/IdeaForge/src/spinner/ProfileSpinner.tsx", "TypeScript JSX", 0, 11, 0, 0, 0, 0, 0, 0, 0, 0, 2, 13
"/Users/prafullprince/Desktop/StudyForge/IdeaForge/src/vite-env.d.ts", "TypeScript", 0, 0, 0, 0, 0, 0, 0, 0, 0, 1, 1, 2
"/Users/prafullprince/Desktop/StudyForge/IdeaForge/tailwind.config.js", "JavaScript", 0, 0, 0, 0, 0, 184, 0, 0, 0, 1, 7, 192
"/Users/prafullprince/Desktop/StudyForge/IdeaForge/tsconfig.app.json", "JSON", 0, 0, 0, 22, 0, 0, 0, 0, 0, 2, 3, 27
"/Users/prafullprince/Desktop/StudyForge/IdeaForge/tsconfig.json", "JSON with Comments", 0, 0, 0, 0, 0, 0, 7, 0, 0, 0, 1, 8
"/Users/prafullprince/Desktop/StudyForge/IdeaForge/tsconfig.node.json", "JSON", 0, 0, 0, 20, 0, 0, 0, 0, 0, 2, 3, 25
"/Users/prafullprince/Desktop/StudyForge/IdeaForge/vercel.json", "JSON", 0, 0, 0, 8, 0, 0, 0, 0, 0, 0, 1, 9
"/Users/prafullprince/Desktop/StudyForge/IdeaForge/vite.config.ts", "TypeScript", 5, 0, 0, 0, 0, 0, 0, 0, 0, 1, 2, 8
"Total", "-", 3963, 5593, 267, 10319, 356, 217, 22, 40, 13, 1403, 1463, 23656